{"initial_reset_timestamp": 1614251760.3361702, "timestamps": [1614251769.1167386, 1614251775.4467492], "episode_lengths": [74, 94], "episode_rewards": [-104.36114889363385, -121.39149929428194], "episode_types": ["t", "t", "t", "t", "t"]}